timestamp,phase,app,mode,run_id,order,graph,cache,iterations,cpu_affinity,wall_s,user_s,sys_s,vol_ctx,invol_ctx,minflt,majflt,inblock,oublock,returncode,command
2026-10-05T10:12:02.922204+03:00,final,graph_traverse_mmap,read,1,1,graph-rand.bin,warm,5,uncontrolled,0.026729209,0.023421000000000802,0.0018259999999941101,0,3,3540,1,0,0,0,"[""/Users/rmntim/Personal/ITMO/Semester5/OS-new/lab/intro-exp/out/graph_traverse_mmap"", ""5"", ""/Users/rmntim/Personal/ITMO/Semester5/OS-new/lab/intro-exp/out/graph-rand.bin""]"
2026-10-05T10:12:02.948059+03:00,final,graph_traverse_mmap,write,1,2,graph-rand.bin,warm,5,uncontrolled,0.025526667,0.021889999999999077,0.002134999999995557,0,3,3540,1,0,0,0,"[""/Users/rmntim/Personal/ITMO/Semester5/OS-new/lab/intro-exp/out/graph_traverse_mmap"", ""--write"", ""5"", ""/Users/rmntim/Personal/ITMO/Semester5/OS-new/lab/intro-exp/out/graph-rand.bin""]"
2026-10-05T10:12:04.152935+03:00,final,graph_traverse,read,1,3,graph-rand.bin,warm,5,uncontrolled,1.204353208,0.2194819999999993,0.9831010000000049,0,5,339,1,0,0,0,"[""/Users/rmntim/Personal/ITMO/Semester5/OS-new/lab/intro-exp/out/graph_traverse"", ""5"", ""/Users/rmntim/Personal/ITMO/Semester5/OS-new/lab/intro-exp/out/graph-rand.bin""]"
2026-10-05T10:12:09.236259+03:00,final,graph_traverse,write,1,4,graph-rand.bin,warm,5,uncontrolled,5.082832333,0.4584780000000013,4.616776999999999,33,25,339,1,0,0,0,"[""/Users/rmntim/Personal/ITMO/Semester5/OS-new/lab/intro-exp/out/graph_traverse"", ""--write"", ""5"", ""/Users/rmntim/Personal/ITMO/Semester5/OS-new/lab/intro-exp/out/graph-rand.bin""]"
2026-10-05T10:12:09.264550+03:00,final,graph_traverse_mmap,write,2,1,graph-rand.bin,warm,5,uncontrolled,0.027927584,0.02379799999999932,0.002223000000000752,0,6,3540,1,0,0,0,"[""/Users/rmntim/Personal/ITMO/Semester5/OS-new/lab/intro-exp/out/graph_traverse_mmap"", ""--write"", ""5"", ""/Users/rmntim/Personal/ITMO/Semester5/OS-new/lab/intro-exp/out/graph-rand.bin""]"
2026-10-05T10:12:14.456007+03:00,final,graph_traverse,write,2,2,graph-rand.bin,warm,5,uncontrolled,5.191082917,0.4552449999999997,4.727464999999995,18,178,339,1,0,0,0,"[""/Users/rmntim/Personal/ITMO/Semester5/OS-new/lab/intro-exp/out/graph_traverse"", ""--write"", ""5"", ""/Users/rmntim/Personal/ITMO/Semester5/OS-new/lab/intro-exp/out/graph-rand.bin""]"
2026-10-05T10:12:14.484126+03:00,final,graph_traverse_mmap,read,2,3,graph-rand.bin,warm,5,uncontrolled,0.027793417,0.0237879999999997,0.0018680000000017571,0,7,3540,1,0,0,0,"[""/Users/rmntim/Personal/ITMO/Semester5/OS-new/lab/intro-exp/out/graph_traverse_mmap"", ""5"", ""/Users/rmntim/Personal/ITMO/Semester5/OS-new/lab/intro-exp/out/graph-rand.bin""]"
2026-10-05T10:12:15.697694+03:00,final,graph_traverse,read,2,4,graph-rand.bin,warm,5,uncontrolled,1.213184291,0.21936,0.9921530000000018,0,3,339,1,0,0,0,"[""/Users/rmntim/Personal/ITMO/Semester5/OS-new/lab/intro-exp/out/graph_traverse"", ""5"", ""/Users/rmntim/Personal/ITMO/Semester5/OS-new/lab/intro-exp/out/graph-rand.bin""]"
2026-10-05T10:12:16.906284+03:00,final,graph_traverse,read,3,1,graph-rand.bin,warm,5,uncontrolled,1.208161042,0.2197640000000014,0.9864110000000039,0,7,339,1,0,0,0,"[""/Users/rmntim/Personal/ITMO/Semester5/OS-new/lab/intro-exp/out/graph_traverse"", ""5"", ""/Users/rmntim/Personal/ITMO/Semester5/OS-new/lab/intro-exp/out/graph-rand.bin""]"
2026-10-05T10:12:22.091453+03:00,final,graph_traverse,write,3,2,graph-rand.bin,warm,5,uncontrolled,5.184688417,0.45687199999999883,4.718729999999994,23,152,339,1,0,0,0,"[""/Users/rmntim/Personal/ITMO/Semester5/OS-new/lab/intro-exp/out/graph_traverse"", ""--write"", ""5"", ""/Users/rmntim/Personal/ITMO/Semester5/OS-new/lab/intro-exp/out/graph-rand.bin""]"
2026-10-05T10:12:22.120041+03:00,final,graph_traverse_mmap,write,3,3,graph-rand.bin,warm,5,uncontrolled,0.028259791,0.023882000000000403,0.0024240000000048667,0,3,3540,1,0,0,0,"[""/Users/rmntim/Personal/ITMO/Semester5/OS-new/lab/intro-exp/out/graph_traverse_mmap"", ""--write"", ""5"", ""/Users/rmntim/Personal/ITMO/Semester5/OS-new/lab/intro-exp/out/graph-rand.bin""]"
2026-10-05T10:12:22.145533+03:00,final,graph_traverse_mmap,read,3,4,graph-rand.bin,warm,5,uncontrolled,0.025204708,0.021713000000000093,0.0017809999999940374,0,8,3540,1,0,0,0,"[""/Users/rmntim/Personal/ITMO/Semester5/OS-new/lab/intro-exp/out/graph_traverse_mmap"", ""5"", ""/Users/rmntim/Personal/ITMO/Semester5/OS-new/lab/intro-exp/out/graph-rand.bin""]"
2026-10-05T10:12:27.247596+03:00,final,graph_traverse,write,4,1,graph-rand.bin,warm,5,uncontrolled,5.101616958,0.4659720000000007,4.627182000000005,30,34,340,1,0,0,0,"[""/Users/rmntim/Personal/ITMO/Semester5/OS-new/lab/intro-exp/out/graph_traverse"", ""--write"", ""5"", ""/Users/rmntim/Personal/ITMO/Semester5/OS-new/lab/intro-exp/out/graph-rand.bin""]"
2026-10-05T10:12:27.276112+03:00,final,graph_traverse_mmap,write,4,2,graph-rand.bin,warm,5,uncontrolled,0.028220625,0.023927999999999727,0.0025140000000050122,0,3,3540,1,0,0,0,"[""/Users/rmntim/Personal/ITMO/Semester5/OS-new/lab/intro-exp/out/graph_traverse_mmap"", ""--write"", ""5"", ""/Users/rmntim/Personal/ITMO/Semester5/OS-new/lab/intro-exp/out/graph-rand.bin""]"
2026-10-05T10:12:28.492211+03:00,final,graph_traverse,read,4,3,graph-rand.bin,warm,5,uncontrolled,1.215679958,0.22062999999999988,0.9935919999999925,0,4,340,1,0,0,0,"[""/Users/rmntim/Personal/ITMO/Semester5/OS-new/lab/intro-exp/out/graph_traverse"", ""5"", ""/Users/rmntim/Personal/ITMO/Semester5/OS-new/lab/intro-exp/out/graph-rand.bin""]"
2026-10-05T10:12:28.518305+03:00,final,graph_traverse_mmap,read,4,4,graph-rand.bin,warm,5,uncontrolled,0.025770875,0.021732000000000085,0.0020030000000019754,0,3,3540,1,0,0,0,"[""/Users/rmntim/Personal/ITMO/Semester5/OS-new/lab/intro-exp/out/graph_traverse_mmap"", ""5"", ""/Users/rmntim/Personal/ITMO/Semester5/OS-new/lab/intro-exp/out/graph-rand.bin""]"
2026-10-05T10:12:28.543579+03:00,final,graph_traverse_mmap,write,5,1,graph-rand.bin,warm,5,uncontrolled,0.024974375,0.02167099999999955,0.0018969999999995935,0,3,3540,1,0,0,0,"[""/Users/rmntim/Personal/ITMO/Semester5/OS-new/lab/intro-exp/out/graph_traverse_mmap"", ""--write"", ""5"", ""/Users/rmntim/Personal/ITMO/Semester5/OS-new/lab/intro-exp/out/graph-rand.bin""]"
2026-10-05T10:12:29.756713+03:00,final,graph_traverse,read,5,2,graph-rand.bin,warm,5,uncontrolled,1.212694458,0.22047900000000098,0.9905520000000081,0,4,340,1,0,0,0,"[""/Users/rmntim/Personal/ITMO/Semester5/OS-new/lab/intro-exp/out/graph_traverse"", ""5"", ""/Users/rmntim/Personal/ITMO/Semester5/OS-new/lab/intro-exp/out/graph-rand.bin""]"
2026-10-05T10:12:34.828201+03:00,final,graph_traverse,write,5,3,graph-rand.bin,warm,5,uncontrolled,5.071055959,0.45867099999999894,4.60443699999999,30,24,340,1,0,0,0,"[""/Users/rmntim/Personal/ITMO/Semester5/OS-new/lab/intro-exp/out/graph_traverse"", ""--write"", ""5"", ""/Users/rmntim/Personal/ITMO/Semester5/OS-new/lab/intro-exp/out/graph-rand.bin""]"
2026-10-05T10:12:34.856153+03:00,final,graph_traverse_mmap,read,5,4,graph-rand.bin,warm,5,uncontrolled,0.027633416,0.023614000000000246,0.002020000000001687,0,7,3540,1,0,0,0,"[""/Users/rmntim/Personal/ITMO/Semester5/OS-new/lab/intro-exp/out/graph_traverse_mmap"", ""5"", ""/Users/rmntim/Personal/ITMO/Semester5/OS-new/lab/intro-exp/out/graph-rand.bin""]"
2026-10-05T10:12:34.881334+03:00,final,graph_traverse_mmap,read,6,1,graph-rand.bin,warm,5,uncontrolled,0.024890875,0.02167200000000058,0.001774999999994975,0,3,3540,1,0,0,0,"[""/Users/rmntim/Personal/ITMO/Semester5/OS-new/lab/intro-exp/out/graph_traverse_mmap"", ""5"", ""/Users/rmntim/Personal/ITMO/Semester5/OS-new/lab/intro-exp/out/graph-rand.bin""]"
2026-10-05T10:12:39.962624+03:00,final,graph_traverse,write,6,2,graph-rand.bin,warm,5,uncontrolled,5.080896292,0.4641769999999994,4.608687000000003,28,37,340,1,0,0,0,"[""/Users/rmntim/Personal/ITMO/Semester5/OS-new/lab/intro-exp/out/graph_traverse"", ""--write"", ""5"", ""/Users/rmntim/Personal/ITMO/Semester5/OS-new/lab/intro-exp/out/graph-rand.bin""]"
2026-10-05T10:12:39.991284+03:00,final,graph_traverse_mmap,write,6,3,graph-rand.bin,warm,5,uncontrolled,0.028357291,0.02383099999999949,0.0025100000000009004,0,7,3540,1,0,0,0,"[""/Users/rmntim/Personal/ITMO/Semester5/OS-new/lab/intro-exp/out/graph_traverse_mmap"", ""--write"", ""5"", ""/Users/rmntim/Personal/ITMO/Semester5/OS-new/lab/intro-exp/out/graph-rand.bin""]"
2026-10-05T10:12:41.213391+03:00,final,graph_traverse,read,6,4,graph-rand.bin,warm,5,uncontrolled,1.221669333,0.2217929999999999,0.997983000000005,0,8,340,1,0,0,0,"[""/Users/rmntim/Personal/ITMO/Semester5/OS-new/lab/intro-exp/out/graph_traverse"", ""5"", ""/Users/rmntim/Personal/ITMO/Semester5/OS-new/lab/intro-exp/out/graph-rand.bin""]"
2026-10-05T10:12:41.240052+03:00,final,graph_traverse_mmap,read,7,1,graph-rand.bin,warm,5,uncontrolled,0.026289542,0.022050000000000125,0.0020859999999913725,0,3,3540,1,0,0,0,"[""/Users/rmntim/Personal/ITMO/Semester5/OS-new/lab/intro-exp/out/graph_traverse_mmap"", ""5"", ""/Users/rmntim/Personal/ITMO/Semester5/OS-new/lab/intro-exp/out/graph-rand.bin""]"
2026-10-05T10:12:42.471776+03:00,final,graph_traverse,read,7,2,graph-rand.bin,warm,5,uncontrolled,1.231260875,0.23057200000000222,0.9991370000000046,0,3,340,1,0,0,0,"[""/Users/rmntim/Personal/ITMO/Semester5/OS-new/lab/intro-exp/out/graph_traverse"", ""5"", ""/Users/rmntim/Personal/ITMO/Semester5/OS-new/lab/intro-exp/out/graph-rand.bin""]"
2026-10-05T10:12:42.498481+03:00,final,graph_traverse_mmap,write,7,3,graph-rand.bin,warm,5,uncontrolled,0.026385625,0.021910999999999348,0.0021370000000047185,0,7,3540,1,0,0,0,"[""/Users/rmntim/Personal/ITMO/Semester5/OS-new/lab/intro-exp/out/graph_traverse_mmap"", ""--write"", ""5"", ""/Users/rmntim/Personal/ITMO/Semester5/OS-new/lab/intro-exp/out/graph-rand.bin""]"
2026-10-05T10:12:47.719083+03:00,final,graph_traverse,write,7,4,graph-rand.bin,warm,5,uncontrolled,5.220171375,0.46550399999999925,4.747489999999999,31,32,340,1,0,0,0,"[""/Users/rmntim/Personal/ITMO/Semester5/OS-new/lab/intro-exp/out/graph_traverse"", ""--write"", ""5"", ""/Users/rmntim/Personal/ITMO/Semester5/OS-new/lab/intro-exp/out/graph-rand.bin""]"
2026-10-05T10:12:47.747588+03:00,final,graph_traverse_mmap,write,8,1,graph-rand.bin,warm,5,uncontrolled,0.028159708,0.02388999999999797,0.0023809999999997444,0,3,3540,1,0,0,0,"[""/Users/rmntim/Personal/ITMO/Semester5/OS-new/lab/intro-exp/out/graph_traverse_mmap"", ""--write"", ""5"", ""/Users/rmntim/Personal/ITMO/Semester5/OS-new/lab/intro-exp/out/graph-rand.bin""]"
2026-10-05T10:12:47.772775+03:00,final,graph_traverse_mmap,read,8,2,graph-rand.bin,warm,5,uncontrolled,0.024927292,0.021616000000001634,0.0017739999999974998,0,4,3540,1,0,0,0,"[""/Users/rmntim/Personal/ITMO/Semester5/OS-new/lab/intro-exp/out/graph_traverse_mmap"", ""5"", ""/Users/rmntim/Personal/ITMO/Semester5/OS-new/lab/intro-exp/out/graph-rand.bin""]"
2026-10-05T10:12:48.992984+03:00,final,graph_traverse,read,8,3,graph-rand.bin,warm,5,uncontrolled,1.219775875,0.2226239999999997,0.995547000000002,0,3,340,1,0,0,0,"[""/Users/rmntim/Personal/ITMO/Semester5/OS-new/lab/intro-exp/out/graph_traverse"", ""5"", ""/Users/rmntim/Personal/ITMO/Semester5/OS-new/lab/intro-exp/out/graph-rand.bin""]"
2026-10-05T10:12:54.111705+03:00,final,graph_traverse,write,8,4,graph-rand.bin,warm,5,uncontrolled,5.118294041,0.4650260000000017,4.644587999999999,27,43,340,1,0,0,0,"[""/Users/rmntim/Personal/ITMO/Semester5/OS-new/lab/intro-exp/out/graph_traverse"", ""--write"", ""5"", ""/Users/rmntim/Personal/ITMO/Semester5/OS-new/lab/intro-exp/out/graph-rand.bin""]"
2026-10-05T10:12:55.331747+03:00,final,graph_traverse,read,9,1,graph-rand.bin,warm,5,uncontrolled,1.219604542,0.22162699999999802,0.9959960000000052,0,7,340,1,0,0,0,"[""/Users/rmntim/Personal/ITMO/Semester5/OS-new/lab/intro-exp/out/graph_traverse"", ""5"", ""/Users/rmntim/Personal/ITMO/Semester5/OS-new/lab/intro-exp/out/graph-rand.bin""]"
2026-10-05T10:12:55.357746+03:00,final,graph_traverse_mmap,read,9,2,graph-rand.bin,warm,5,uncontrolled,0.025648791,0.021881000000000483,0.0018929999999954816,0,3,3540,1,0,0,0,"[""/Users/rmntim/Personal/ITMO/Semester5/OS-new/lab/intro-exp/out/graph_traverse_mmap"", ""5"", ""/Users/rmntim/Personal/ITMO/Semester5/OS-new/lab/intro-exp/out/graph-rand.bin""]"
2026-10-05T10:13:00.476543+03:00,final,graph_traverse,write,9,3,graph-rand.bin,warm,5,uncontrolled,5.118371375,0.4593349999999994,4.6512110000000035,25,46,340,1,0,0,0,"[""/Users/rmntim/Personal/ITMO/Semester5/OS-new/lab/intro-exp/out/graph_traverse"", ""--write"", ""5"", ""/Users/rmntim/Personal/ITMO/Semester5/OS-new/lab/intro-exp/out/graph-rand.bin""]"
2026-10-05T10:13:00.504585+03:00,final,graph_traverse_mmap,write,9,4,graph-rand.bin,warm,5,uncontrolled,0.027716708,0.0237310000000015,0.002157999999994331,0,3,3540,1,0,0,0,"[""/Users/rmntim/Personal/ITMO/Semester5/OS-new/lab/intro-exp/out/graph_traverse_mmap"", ""--write"", ""5"", ""/Users/rmntim/Personal/ITMO/Semester5/OS-new/lab/intro-exp/out/graph-rand.bin""]"
2026-10-05T10:13:01.719703+03:00,final,graph_traverse,read,10,1,graph-rand.bin,warm,5,uncontrolled,1.214624833,0.2212549999999993,0.9917290000000065,0,3,340,1,0,0,0,"[""/Users/rmntim/Personal/ITMO/Semester5/OS-new/lab/intro-exp/out/graph_traverse"", ""5"", ""/Users/rmntim/Personal/ITMO/Semester5/OS-new/lab/intro-exp/out/graph-rand.bin""]"
2026-10-05T10:13:06.828860+03:00,final,graph_traverse,write,10,2,graph-rand.bin,warm,5,uncontrolled,5.108695417,0.47373899999999836,4.627300999999989,20,35,340,1,0,0,0,"[""/Users/rmntim/Personal/ITMO/Semester5/OS-new/lab/intro-exp/out/graph_traverse"", ""--write"", ""5"", ""/Users/rmntim/Personal/ITMO/Semester5/OS-new/lab/intro-exp/out/graph-rand.bin""]"
2026-10-05T10:13:06.857351+03:00,final,graph_traverse_mmap,write,10,3,graph-rand.bin,warm,5,uncontrolled,0.028168209,0.0239020000000032,0.0024450000000086902,0,3,3540,1,0,0,0,"[""/Users/rmntim/Personal/ITMO/Semester5/OS-new/lab/intro-exp/out/graph_traverse_mmap"", ""--write"", ""5"", ""/Users/rmntim/Personal/ITMO/Semester5/OS-new/lab/intro-exp/out/graph-rand.bin""]"
2026-10-05T10:13:06.882852+03:00,final,graph_traverse_mmap,read,10,4,graph-rand.bin,warm,5,uncontrolled,0.025220916,0.021588999999998748,0.0018549999999919464,0,8,3540,1,0,0,0,"[""/Users/rmntim/Personal/ITMO/Semester5/OS-new/lab/intro-exp/out/graph_traverse_mmap"", ""5"", ""/Users/rmntim/Personal/ITMO/Semester5/OS-new/lab/intro-exp/out/graph-rand.bin""]"
2026-10-05T10:13:11.993167+03:00,final,graph_traverse,write,11,1,graph-rand.bin,warm,5,uncontrolled,5.109859125,0.4610769999999995,4.641133000000011,24,26,340,1,0,0,0,"[""/Users/rmntim/Personal/ITMO/Semester5/OS-new/lab/intro-exp/out/graph_traverse"", ""--write"", ""5"", ""/Users/rmntim/Personal/ITMO/Semester5/OS-new/lab/intro-exp/out/graph-rand.bin""]"
2026-10-05T10:13:12.020967+03:00,final,graph_traverse_mmap,read,11,2,graph-rand.bin,warm,5,uncontrolled,0.027494667,0.02356800000000092,0.0021229999999832216,0,3,3540,1,0,0,0,"[""/Users/rmntim/Personal/ITMO/Semester5/OS-new/lab/intro-exp/out/graph_traverse_mmap"", ""5"", ""/Users/rmntim/Personal/ITMO/Semester5/OS-new/lab/intro-exp/out/graph-rand.bin""]"
2026-10-05T10:13:12.046346+03:00,final,graph_traverse_mmap,write,11,3,graph-rand.bin,warm,5,uncontrolled,0.025105375,0.021689999999999543,0.002024000000005799,0,3,3540,1,0,0,0,"[""/Users/rmntim/Personal/ITMO/Semester5/OS-new/lab/intro-exp/out/graph_traverse_mmap"", ""--write"", ""5"", ""/Users/rmntim/Personal/ITMO/Semester5/OS-new/lab/intro-exp/out/graph-rand.bin""]"
2026-10-05T10:13:13.267707+03:00,final,graph_traverse,read,11,4,graph-rand.bin,warm,5,uncontrolled,1.220943042,0.22131299999999854,0.99803,0,4,340,1,0,0,0,"[""/Users/rmntim/Personal/ITMO/Semester5/OS-new/lab/intro-exp/out/graph_traverse"", ""5"", ""/Users/rmntim/Personal/ITMO/Semester5/OS-new/lab/intro-exp/out/graph-rand.bin""]"
2026-10-05T10:13:13.294071+03:00,final,graph_traverse_mmap,write,12,1,graph-rand.bin,warm,5,uncontrolled,0.026044791,0.022054000000000684,0.002051999999991949,0,6,3540,1,0,0,0,"[""/Users/rmntim/Personal/ITMO/Semester5/OS-new/lab/intro-exp/out/graph_traverse_mmap"", ""--write"", ""5"", ""/Users/rmntim/Personal/ITMO/Semester5/OS-new/lab/intro-exp/out/graph-rand.bin""]"
2026-10-05T10:13:18.370753+03:00,final,graph_traverse,write,12,2,graph-rand.bin,warm,5,uncontrolled,5.076153084,0.46293500000000165,4.606070000000017,34,24,340,1,0,0,0,"[""/Users/rmntim/Personal/ITMO/Semester5/OS-new/lab/intro-exp/out/graph_traverse"", ""--write"", ""5"", ""/Users/rmntim/Personal/ITMO/Semester5/OS-new/lab/intro-exp/out/graph-rand.bin""]"
2026-10-05T10:13:18.399057+03:00,final,graph_traverse_mmap,read,12,3,graph-rand.bin,warm,5,uncontrolled,0.027933917,0.023724999999998886,0.002025000000003274,0,6,3540,1,0,0,0,"[""/Users/rmntim/Personal/ITMO/Semester5/OS-new/lab/intro-exp/out/graph_traverse_mmap"", ""5"", ""/Users/rmntim/Personal/ITMO/Semester5/OS-new/lab/intro-exp/out/graph-rand.bin""]"
2026-10-05T10:13:19.618558+03:00,final,graph_traverse,read,12,4,graph-rand.bin,warm,5,uncontrolled,1.219068458,0.2214039999999997,0.9960299999999904,0,4,340,1,0,0,0,"[""/Users/rmntim/Personal/ITMO/Semester5/OS-new/lab/intro-exp/out/graph_traverse"", ""5"", ""/Users/rmntim/Personal/ITMO/Semester5/OS-new/lab/intro-exp/out/graph-rand.bin""]"
2026-10-05T10:13:19.644867+03:00,final,graph_traverse_mmap,read,13,1,graph-rand.bin,warm,5,uncontrolled,0.025928625,0.021605000000000985,0.0019890000000089003,0,6,3540,1,0,0,0,"[""/Users/rmntim/Personal/ITMO/Semester5/OS-new/lab/intro-exp/out/graph_traverse_mmap"", ""5"", ""/Users/rmntim/Personal/ITMO/Semester5/OS-new/lab/intro-exp/out/graph-rand.bin""]"
2026-10-05T10:13:20.862049+03:00,final,graph_traverse,read,13,2,graph-rand.bin,warm,5,uncontrolled,1.216745875,0.2215399999999974,0.9936509999999998,0,4,340,1,0,0,0,"[""/Users/rmntim/Personal/ITMO/Semester5/OS-new/lab/intro-exp/out/graph_traverse"", ""5"", ""/Users/rmntim/Personal/ITMO/Semester5/OS-new/lab/intro-exp/out/graph-rand.bin""]"
2026-10-05T10:13:20.889228+03:00,final,graph_traverse_mmap,write,13,3,graph-rand.bin,warm,5,uncontrolled,0.026866708,0.02222600000000341,0.0023180000000024847,0,3,3540,1,0,0,0,"[""/Users/rmntim/Personal/ITMO/Semester5/OS-new/lab/intro-exp/out/graph_traverse_mmap"", ""--write"", ""5"", ""/Users/rmntim/Personal/ITMO/Semester5/OS-new/lab/intro-exp/out/graph-rand.bin""]"
2026-10-05T10:13:25.982046+03:00,final,graph_traverse,write,13,4,graph-rand.bin,warm,5,uncontrolled,5.092412542,0.45909899999999837,4.625551999999999,23,36,339,1,0,0,0,"[""/Users/rmntim/Personal/ITMO/Semester5/OS-new/lab/intro-exp/out/graph_traverse"", ""--write"", ""5"", ""/Users/rmntim/Personal/ITMO/Semester5/OS-new/lab/intro-exp/out/graph-rand.bin""]"
2026-10-05T10:13:31.070319+03:00,final,graph_traverse,write,14,1,graph-rand.bin,warm,5,uncontrolled,5.087703,0.4589980000000011,4.621049999999997,31,25,340,1,0,0,0,"[""/Users/rmntim/Personal/ITMO/Semester5/OS-new/lab/intro-exp/out/graph_traverse"", ""--write"", ""5"", ""/Users/rmntim/Personal/ITMO/Semester5/OS-new/lab/intro-exp/out/graph-rand.bin""]"
2026-10-05T10:13:32.292017+03:00,final,graph_traverse,read,14,2,graph-rand.bin,warm,5,uncontrolled,1.221217625,0.22169299999999836,0.9974829999999884,0,4,340,1,0,0,0,"[""/Users/rmntim/Personal/ITMO/Semester5/OS-new/lab/intro-exp/out/graph_traverse"", ""5"", ""/Users/rmntim/Personal/ITMO/Semester5/OS-new/lab/intro-exp/out/graph-rand.bin""]"
2026-10-05T10:13:32.319193+03:00,final,graph_traverse_mmap,read,14,3,graph-rand.bin,warm,5,uncontrolled,0.026629917,0.02240899999999968,0.0019149999999967804,0,8,3540,1,0,0,0,"[""/Users/rmntim/Personal/ITMO/Semester5/OS-new/lab/intro-exp/out/graph_traverse_mmap"", ""5"", ""/Users/rmntim/Personal/ITMO/Semester5/OS-new/lab/intro-exp/out/graph-rand.bin""]"
2026-10-05T10:13:32.344959+03:00,final,graph_traverse_mmap,write,14,4,graph-rand.bin,warm,5,uncontrolled,0.025455917,0.021786000000002304,0.002043000000014672,0,4,3540,1,0,0,0,"[""/Users/rmntim/Personal/ITMO/Semester5/OS-new/lab/intro-exp/out/graph_traverse_mmap"", ""--write"", ""5"", ""/Users/rmntim/Personal/ITMO/Semester5/OS-new/lab/intro-exp/out/graph-rand.bin""]"
2026-10-05T10:13:33.570435+03:00,final,graph_traverse,read,15,1,graph-rand.bin,warm,5,uncontrolled,1.225087083,0.22485,0.9985389999999938,0,6,340,1,0,0,0,"[""/Users/rmntim/Personal/ITMO/Semester5/OS-new/lab/intro-exp/out/graph_traverse"", ""5"", ""/Users/rmntim/Personal/ITMO/Semester5/OS-new/lab/intro-exp/out/graph-rand.bin""]"
2026-10-05T10:13:33.596969+03:00,final,graph_traverse_mmap,read,15,2,graph-rand.bin,warm,5,uncontrolled,0.026183208,0.022182999999998287,0.0019440000000088276,0,7,3540,1,0,0,0,"[""/Users/rmntim/Personal/ITMO/Semester5/OS-new/lab/intro-exp/out/graph_traverse_mmap"", ""5"", ""/Users/rmntim/Personal/ITMO/Semester5/OS-new/lab/intro-exp/out/graph-rand.bin""]"
2026-10-05T10:13:33.622508+03:00,final,graph_traverse_mmap,write,15,3,graph-rand.bin,warm,5,uncontrolled,0.02526225,0.02165600000000012,0.0018539999999802603,0,6,3540,1,0,0,0,"[""/Users/rmntim/Personal/ITMO/Semester5/OS-new/lab/intro-exp/out/graph_traverse_mmap"", ""--write"", ""5"", ""/Users/rmntim/Personal/ITMO/Semester5/OS-new/lab/intro-exp/out/graph-rand.bin""]"
2026-10-05T10:13:38.697350+03:00,final,graph_traverse,write,15,4,graph-rand.bin,warm,5,uncontrolled,5.074481333,0.4626669999999997,4.604870000000005,29,20,340,1,0,0,0,"[""/Users/rmntim/Personal/ITMO/Semester5/OS-new/lab/intro-exp/out/graph_traverse"", ""--write"", ""5"", ""/Users/rmntim/Personal/ITMO/Semester5/OS-new/lab/intro-exp/out/graph-rand.bin""]"
2026-10-05T10:13:43.815419+03:00,final,graph_traverse,write,16,1,graph-rand.bin,warm,5,uncontrolled,5.117617,0.45965599999999895,4.650458000000015,29,39,340,1,0,0,0,"[""/Users/rmntim/Personal/ITMO/Semester5/OS-new/lab/intro-exp/out/graph_traverse"", ""--write"", ""5"", ""/Users/rmntim/Personal/ITMO/Semester5/OS-new/lab/intro-exp/out/graph-rand.bin""]"
2026-10-05T10:13:45.041954+03:00,final,graph_traverse,read,16,2,graph-rand.bin,warm,5,uncontrolled,1.226091041,0.2223820000000032,1.0018639999999834,0,4,340,1,0,0,0,"[""/Users/rmntim/Personal/ITMO/Semester5/OS-new/lab/intro-exp/out/graph_traverse"", ""5"", ""/Users/rmntim/Personal/ITMO/Semester5/OS-new/lab/intro-exp/out/graph-rand.bin""]"
2026-10-05T10:13:45.068024+03:00,final,graph_traverse_mmap,read,16,3,graph-rand.bin,warm,5,uncontrolled,0.025763333,0.02173299999999756,0.0019259999999974298,0,8,3540,1,0,0,0,"[""/Users/rmntim/Personal/ITMO/Semester5/OS-new/lab/intro-exp/out/graph_traverse_mmap"", ""5"", ""/Users/rmntim/Personal/ITMO/Semester5/OS-new/lab/intro-exp/out/graph-rand.bin""]"
2026-10-05T10:13:45.093632+03:00,final,graph_traverse_mmap,write,16,4,graph-rand.bin,warm,5,uncontrolled,0.02530675,0.021796000000001925,0.0020610000000260698,0,3,3540,1,0,0,0,"[""/Users/rmntim/Personal/ITMO/Semester5/OS-new/lab/intro-exp/out/graph_traverse_mmap"", ""--write"", ""5"", ""/Users/rmntim/Personal/ITMO/Semester5/OS-new/lab/intro-exp/out/graph-rand.bin""]"
2026-10-05T10:13:45.118529+03:00,final,graph_traverse_mmap,read,17,1,graph-rand.bin,warm,5,uncontrolled,0.024584291,0.021429999999998728,0.0016899999999964166,0,3,3540,1,0,0,0,"[""/Users/rmntim/Personal/ITMO/Semester5/OS-new/lab/intro-exp/out/graph_traverse_mmap"", ""5"", ""/Users/rmntim/Personal/ITMO/Semester5/OS-new/lab/intro-exp/out/graph-rand.bin""]"
2026-10-05T10:13:45.144306+03:00,final,graph_traverse_mmap,write,17,2,graph-rand.bin,warm,5,uncontrolled,0.025538833,0.021853000000000122,0.002031999999985601,0,7,3540,1,0,0,0,"[""/Users/rmntim/Personal/ITMO/Semester5/OS-new/lab/intro-exp/out/graph_traverse_mmap"", ""--write"", ""5"", ""/Users/rmntim/Personal/ITMO/Semester5/OS-new/lab/intro-exp/out/graph-rand.bin""]"
2026-10-05T10:13:46.373139+03:00,final,graph_traverse,read,17,3,graph-rand.bin,warm,5,uncontrolled,1.228411708,0.22757000000000005,0.9993770000000097,0,3,340,1,0,0,0,"[""/Users/rmntim/Personal/ITMO/Semester5/OS-new/lab/intro-exp/out/graph_traverse"", ""5"", ""/Users/rmntim/Personal/ITMO/Semester5/OS-new/lab/intro-exp/out/graph-rand.bin""]"
2026-10-05T10:13:51.522833+03:00,final,graph_traverse,write,17,4,graph-rand.bin,warm,5,uncontrolled,5.149223333,0.4706469999999996,4.670956999999987,29,21,340,1,0,0,0,"[""/Users/rmntim/Personal/ITMO/Semester5/OS-new/lab/intro-exp/out/graph_traverse"", ""--write"", ""5"", ""/Users/rmntim/Personal/ITMO/Semester5/OS-new/lab/intro-exp/out/graph-rand.bin""]"
2026-10-05T10:13:51.551528+03:00,final,graph_traverse_mmap,write,18,1,graph-rand.bin,warm,5,uncontrolled,0.028337417,0.023761000000000365,0.00238000000001648,0,8,3540,1,0,0,0,"[""/Users/rmntim/Personal/ITMO/Semester5/OS-new/lab/intro-exp/out/graph_traverse_mmap"", ""--write"", ""5"", ""/Users/rmntim/Personal/ITMO/Semester5/OS-new/lab/intro-exp/out/graph-rand.bin""]"
2026-10-05T10:13:56.741418+03:00,final,graph_traverse,write,18,2,graph-rand.bin,warm,5,uncontrolled,5.189373375,0.46150300000000044,4.719172999999984,22,61,340,1,0,0,0,"[""/Users/rmntim/Personal/ITMO/Semester5/OS-new/lab/intro-exp/out/graph_traverse"", ""--write"", ""5"", ""/Users/rmntim/Personal/ITMO/Semester5/OS-new/lab/intro-exp/out/graph-rand.bin""]"
2026-10-05T10:13:57.966324+03:00,final,graph_traverse,read,18,3,graph-rand.bin,warm,5,uncontrolled,1.224369583,0.22382800000000103,0.9984670000000051,0,6,340,1,0,0,0,"[""/Users/rmntim/Personal/ITMO/Semester5/OS-new/lab/intro-exp/out/graph_traverse"", ""5"", ""/Users/rmntim/Personal/ITMO/Semester5/OS-new/lab/intro-exp/out/graph-rand.bin""]"
2026-10-05T10:13:57.992976+03:00,final,graph_traverse_mmap,read,18,4,graph-rand.bin,warm,5,uncontrolled,0.026307917,0.021815999999997615,0.002097999999989497,0,8,3540,1,0,0,0,"[""/Users/rmntim/Personal/ITMO/Semester5/OS-new/lab/intro-exp/out/graph_traverse_mmap"", ""5"", ""/Users/rmntim/Personal/ITMO/Semester5/OS-new/lab/intro-exp/out/graph-rand.bin""]"
2026-10-05T10:14:03.134182+03:00,final,graph_traverse,write,19,1,graph-rand.bin,warm,5,uncontrolled,5.140756,0.45893099999999976,4.674910000000011,25,24,340,1,0,0,0,"[""/Users/rmntim/Personal/ITMO/Semester5/OS-new/lab/intro-exp/out/graph_traverse"", ""--write"", ""5"", ""/Users/rmntim/Personal/ITMO/Semester5/OS-new/lab/intro-exp/out/graph-rand.bin""]"
2026-10-05T10:14:03.162476+03:00,final,graph_traverse_mmap,read,19,2,graph-rand.bin,warm,5,uncontrolled,0.027970708,0.023925000000001972,0.0021739999999965676,0,3,3540,1,0,0,0,"[""/Users/rmntim/Personal/ITMO/Semester5/OS-new/lab/intro-exp/out/graph_traverse_mmap"", ""5"", ""/Users/rmntim/Personal/ITMO/Semester5/OS-new/lab/intro-exp/out/graph-rand.bin""]"
2026-10-05T10:14:03.187803+03:00,final,graph_traverse_mmap,write,19,3,graph-rand.bin,warm,5,uncontrolled,0.025066125,0.02167400000000086,0.001988000000011425,0,3,3540,1,0,0,0,"[""/Users/rmntim/Personal/ITMO/Semester5/OS-new/lab/intro-exp/out/graph_traverse_mmap"", ""--write"", ""5"", ""/Users/rmntim/Personal/ITMO/Semester5/OS-new/lab/intro-exp/out/graph-rand.bin""]"
2026-10-05T10:14:04.412840+03:00,final,graph_traverse,read,19,4,graph-rand.bin,warm,5,uncontrolled,1.224570625,0.22681999999999647,0.9962199999999939,0,3,340,1,0,0,0,"[""/Users/rmntim/Personal/ITMO/Semester5/OS-new/lab/intro-exp/out/graph_traverse"", ""5"", ""/Users/rmntim/Personal/ITMO/Semester5/OS-new/lab/intro-exp/out/graph-rand.bin""]"
2026-10-05T10:14:04.439004+03:00,final,graph_traverse_mmap,write,20,1,graph-rand.bin,warm,5,uncontrolled,0.025834791,0.02183000000000135,0.0019770000000107757,0,3,3540,1,0,0,0,"[""/Users/rmntim/Personal/ITMO/Semester5/OS-new/lab/intro-exp/out/graph_traverse_mmap"", ""--write"", ""5"", ""/Users/rmntim/Personal/ITMO/Semester5/OS-new/lab/intro-exp/out/graph-rand.bin""]"
2026-10-05T10:14:05.659136+03:00,final,graph_traverse,read,20,2,graph-rand.bin,warm,5,uncontrolled,1.219719375,0.22194900000000217,0.9962139999999806,0,5,340,1,0,0,0,"[""/Users/rmntim/Personal/ITMO/Semester5/OS-new/lab/intro-exp/out/graph_traverse"", ""5"", ""/Users/rmntim/Personal/ITMO/Semester5/OS-new/lab/intro-exp/out/graph-rand.bin""]"
2026-10-05T10:14:10.815731+03:00,final,graph_traverse,write,20,3,graph-rand.bin,warm,5,uncontrolled,5.156131834,0.461862,4.685512000000017,31,29,340,1,0,0,0,"[""/Users/rmntim/Personal/ITMO/Semester5/OS-new/lab/intro-exp/out/graph_traverse"", ""--write"", ""5"", ""/Users/rmntim/Personal/ITMO/Semester5/OS-new/lab/intro-exp/out/graph-rand.bin""]"
2026-10-05T10:14:10.843494+03:00,final,graph_traverse_mmap,read,20,4,graph-rand.bin,warm,5,uncontrolled,0.027437792,0.023597999999999786,0.0019609999999943284,0,3,3540,1,0,0,0,"[""/Users/rmntim/Personal/ITMO/Semester5/OS-new/lab/intro-exp/out/graph_traverse_mmap"", ""5"", ""/Users/rmntim/Personal/ITMO/Semester5/OS-new/lab/intro-exp/out/graph-rand.bin""]"
2026-10-05T10:14:10.869187+03:00,final,graph_traverse_mmap,write,21,1,graph-rand.bin,warm,5,uncontrolled,0.025395791,0.02181799999999967,0.0020999999999844476,0,3,3540,1,0,0,0,"[""/Users/rmntim/Personal/ITMO/Semester5/OS-new/lab/intro-exp/out/graph_traverse_mmap"", ""--write"", ""5"", ""/Users/rmntim/Personal/ITMO/Semester5/OS-new/lab/intro-exp/out/graph-rand.bin""]"
2026-10-05T10:14:12.089050+03:00,final,graph_traverse,read,21,2,graph-rand.bin,warm,5,uncontrolled,1.219440209,0.22116399999999814,0.9967940000000226,0,3,340,1,0,0,0,"[""/Users/rmntim/Personal/ITMO/Semester5/OS-new/lab/intro-exp/out/graph_traverse"", ""5"", ""/Users/rmntim/Personal/ITMO/Semester5/OS-new/lab/intro-exp/out/graph-rand.bin""]"
2026-10-05T10:14:17.214618+03:00,final,graph_traverse,write,21,3,graph-rand.bin,warm,5,uncontrolled,5.125091792,0.46105700000000027,4.656836999999996,25,33,339,1,0,0,0,"[""/Users/rmntim/Personal/ITMO/Semester5/OS-new/lab/intro-exp/out/graph_traverse"", ""--write"", ""5"", ""/Users/rmntim/Personal/ITMO/Semester5/OS-new/lab/intro-exp/out/graph-rand.bin""]"
2026-10-05T10:14:17.242995+03:00,final,graph_traverse_mmap,read,21,4,graph-rand.bin,warm,5,uncontrolled,0.02804675,0.02371400000000179,0.002083999999996422,0,7,3540,1,0,0,0,"[""/Users/rmntim/Personal/ITMO/Semester5/OS-new/lab/intro-exp/out/graph_traverse_mmap"", ""5"", ""/Users/rmntim/Personal/ITMO/Semester5/OS-new/lab/intro-exp/out/graph-rand.bin""]"
2026-10-05T10:14:17.268788+03:00,final,graph_traverse_mmap,write,22,1,graph-rand.bin,warm,5,uncontrolled,0.025458084,0.021770000000000067,0.002138999999999669,0,3,3540,1,0,0,0,"[""/Users/rmntim/Personal/ITMO/Semester5/OS-new/lab/intro-exp/out/graph_traverse_mmap"", ""--write"", ""5"", ""/Users/rmntim/Personal/ITMO/Semester5/OS-new/lab/intro-exp/out/graph-rand.bin""]"
2026-10-05T10:14:22.402769+03:00,final,graph_traverse,write,22,2,graph-rand.bin,warm,5,uncontrolled,5.13355475,0.46601999999999677,4.660454999999985,19,30,340,1,0,0,0,"[""/Users/rmntim/Personal/ITMO/Semester5/OS-new/lab/intro-exp/out/graph_traverse"", ""--write"", ""5"", ""/Users/rmntim/Personal/ITMO/Semester5/OS-new/lab/intro-exp/out/graph-rand.bin""]"
2026-10-05T10:14:23.630294+03:00,final,graph_traverse,read,22,3,graph-rand.bin,warm,5,uncontrolled,1.22707025,0.22181500000000298,1.0032530000000008,0,3,340,1,0,0,0,"[""/Users/rmntim/Personal/ITMO/Semester5/OS-new/lab/intro-exp/out/graph_traverse"", ""5"", ""/Users/rmntim/Personal/ITMO/Semester5/OS-new/lab/intro-exp/out/graph-rand.bin""]"
2026-10-05T10:14:23.656965+03:00,final,graph_traverse_mmap,read,22,4,graph-rand.bin,warm,5,uncontrolled,0.026316542,0.021993999999999403,0.002021000000013373,0,7,3540,1,0,0,0,"[""/Users/rmntim/Personal/ITMO/Semester5/OS-new/lab/intro-exp/out/graph_traverse_mmap"", ""5"", ""/Users/rmntim/Personal/ITMO/Semester5/OS-new/lab/intro-exp/out/graph-rand.bin""]"
2026-10-05T10:14:24.895502+03:00,final,graph_traverse,read,23,1,graph-rand.bin,warm,5,uncontrolled,1.238065125,0.22365899999999783,1.0126889999999946,0,3,340,1,0,0,0,"[""/Users/rmntim/Personal/ITMO/Semester5/OS-new/lab/intro-exp/out/graph_traverse"", ""5"", ""/Users/rmntim/Personal/ITMO/Semester5/OS-new/lab/intro-exp/out/graph-rand.bin""]"
2026-10-05T10:14:30.028820+03:00,final,graph_traverse,write,23,2,graph-rand.bin,warm,5,uncontrolled,5.132918625,0.4659360000000028,4.659692000000007,24,24,340,1,0,0,0,"[""/Users/rmntim/Personal/ITMO/Semester5/OS-new/lab/intro-exp/out/graph_traverse"", ""--write"", ""5"", ""/Users/rmntim/Personal/ITMO/Semester5/OS-new/lab/intro-exp/out/graph-rand.bin""]"
2026-10-05T10:14:30.056871+03:00,final,graph_traverse_mmap,write,23,3,graph-rand.bin,warm,5,uncontrolled,0.027735375,0.02372699999999739,0.0021820000000047912,0,3,3540,1,0,0,0,"[""/Users/rmntim/Personal/ITMO/Semester5/OS-new/lab/intro-exp/out/graph_traverse_mmap"", ""--write"", ""5"", ""/Users/rmntim/Personal/ITMO/Semester5/OS-new/lab/intro-exp/out/graph-rand.bin""]"
2026-10-05T10:14:30.082122+03:00,final,graph_traverse_mmap,read,23,4,graph-rand.bin,warm,5,uncontrolled,0.024975125,0.02150400000000019,0.0017540000000053624,0,8,3540,1,0,0,0,"[""/Users/rmntim/Personal/ITMO/Semester5/OS-new/lab/intro-exp/out/graph_traverse_mmap"", ""5"", ""/Users/rmntim/Personal/ITMO/Semester5/OS-new/lab/intro-exp/out/graph-rand.bin""]"
2026-10-05T10:14:30.107532+03:00,final,graph_traverse_mmap,write,24,1,graph-rand.bin,warm,5,uncontrolled,0.025124209,0.021790000000002863,0.0018179999999858865,0,3,3540,1,0,0,0,"[""/Users/rmntim/Personal/ITMO/Semester5/OS-new/lab/intro-exp/out/graph_traverse_mmap"", ""--write"", ""5"", ""/Users/rmntim/Personal/ITMO/Semester5/OS-new/lab/intro-exp/out/graph-rand.bin""]"
2026-10-05T10:14:30.132362+03:00,final,graph_traverse_mmap,read,24,2,graph-rand.bin,warm,5,uncontrolled,0.0245755,0.021404999999997898,0.0017840000000148848,0,3,3540,1,0,0,0,"[""/Users/rmntim/Personal/ITMO/Semester5/OS-new/lab/intro-exp/out/graph_traverse_mmap"", ""5"", ""/Users/rmntim/Personal/ITMO/Semester5/OS-new/lab/intro-exp/out/graph-rand.bin""]"
2026-10-05T10:14:31.353218+03:00,final,graph_traverse,read,24,3,graph-rand.bin,warm,5,uncontrolled,1.220475875,0.22263399999999933,0.9961479999999767,0,8,340,1,0,0,0,"[""/Users/rmntim/Personal/ITMO/Semester5/OS-new/lab/intro-exp/out/graph_traverse"", ""5"", ""/Users/rmntim/Personal/ITMO/Semester5/OS-new/lab/intro-exp/out/graph-rand.bin""]"
2026-10-05T10:14:36.465401+03:00,final,graph_traverse,write,24,4,graph-rand.bin,warm,5,uncontrolled,5.111735084,0.46561499999999967,4.63881600000002,21,17,340,1,0,0,0,"[""/Users/rmntim/Personal/ITMO/Semester5/OS-new/lab/intro-exp/out/graph_traverse"", ""--write"", ""5"", ""/Users/rmntim/Personal/ITMO/Semester5/OS-new/lab/intro-exp/out/graph-rand.bin""]"
2026-10-05T10:14:36.493659+03:00,final,graph_traverse_mmap,write,25,1,graph-rand.bin,warm,5,uncontrolled,0.027872583,0.023759000000001862,0.0022720000000049367,0,3,3540,1,0,0,0,"[""/Users/rmntim/Personal/ITMO/Semester5/OS-new/lab/intro-exp/out/graph_traverse_mmap"", ""--write"", ""5"", ""/Users/rmntim/Personal/ITMO/Semester5/OS-new/lab/intro-exp/out/graph-rand.bin""]"
2026-10-05T10:14:41.630277+03:00,final,graph_traverse,write,25,2,graph-rand.bin,warm,5,uncontrolled,5.136157667,0.46369299999999924,4.665590999999978,30,23,340,1,0,0,0,"[""/Users/rmntim/Personal/ITMO/Semester5/OS-new/lab/intro-exp/out/graph_traverse"", ""--write"", ""5"", ""/Users/rmntim/Personal/ITMO/Semester5/OS-new/lab/intro-exp/out/graph-rand.bin""]"
2026-10-05T10:14:42.858229+03:00,final,graph_traverse,read,25,3,graph-rand.bin,warm,5,uncontrolled,1.227474375,0.2224250000000012,1.0029790000000105,0,5,340,1,0,0,0,"[""/Users/rmntim/Personal/ITMO/Semester5/OS-new/lab/intro-exp/out/graph_traverse"", ""5"", ""/Users/rmntim/Personal/ITMO/Semester5/OS-new/lab/intro-exp/out/graph-rand.bin""]"
2026-10-05T10:14:42.884322+03:00,final,graph_traverse_mmap,read,25,4,graph-rand.bin,warm,5,uncontrolled,0.025744625,0.02181799999999967,0.0019450000000063028,0,3,3540,1,0,0,0,"[""/Users/rmntim/Personal/ITMO/Semester5/OS-new/lab/intro-exp/out/graph_traverse_mmap"", ""5"", ""/Users/rmntim/Personal/ITMO/Semester5/OS-new/lab/intro-exp/out/graph-rand.bin""]"
2026-10-05T10:14:42.909238+03:00,final,graph_traverse_mmap,read,26,1,graph-rand.bin,warm,5,uncontrolled,0.024605542,0.021346000000001197,0.0018699999999967076,0,3,3540,1,0,0,0,"[""/Users/rmntim/Personal/ITMO/Semester5/OS-new/lab/intro-exp/out/graph_traverse_mmap"", ""5"", ""/Users/rmntim/Personal/ITMO/Semester5/OS-new/lab/intro-exp/out/graph-rand.bin""]"
2026-10-05T10:14:42.934763+03:00,final,graph_traverse_mmap,write,26,2,graph-rand.bin,warm,5,uncontrolled,0.025256416,0.021674999999998334,0.001995999999991227,0,3,3540,1,0,0,0,"[""/Users/rmntim/Personal/ITMO/Semester5/OS-new/lab/intro-exp/out/graph_traverse_mmap"", ""--write"", ""5"", ""/Users/rmntim/Personal/ITMO/Semester5/OS-new/lab/intro-exp/out/graph-rand.bin""]"
2026-10-05T10:14:44.156657+03:00,final,graph_traverse,read,26,3,graph-rand.bin,warm,5,uncontrolled,1.221469834,0.2216680000000011,0.9981270000000109,0,4,340,1,0,0,0,"[""/Users/rmntim/Personal/ITMO/Semester5/OS-new/lab/intro-exp/out/graph_traverse"", ""5"", ""/Users/rmntim/Personal/ITMO/Semester5/OS-new/lab/intro-exp/out/graph-rand.bin""]"
2026-10-05T10:14:49.273857+03:00,final,graph_traverse,write,26,4,graph-rand.bin,warm,5,uncontrolled,5.116801,0.4655290000000001,4.6437959999999805,31,28,340,1,0,0,0,"[""/Users/rmntim/Personal/ITMO/Semester5/OS-new/lab/intro-exp/out/graph_traverse"", ""--write"", ""5"", ""/Users/rmntim/Personal/ITMO/Semester5/OS-new/lab/intro-exp/out/graph-rand.bin""]"
2026-10-05T10:14:50.503452+03:00,final,graph_traverse,read,27,1,graph-rand.bin,warm,5,uncontrolled,1.229127041,0.2264160000000004,1.0008800000000235,0,3,340,1,0,0,0,"[""/Users/rmntim/Personal/ITMO/Semester5/OS-new/lab/intro-exp/out/graph_traverse"", ""5"", ""/Users/rmntim/Personal/ITMO/Semester5/OS-new/lab/intro-exp/out/graph-rand.bin""]"
2026-10-05T10:14:50.529284+03:00,final,graph_traverse_mmap,read,27,2,graph-rand.bin,warm,5,uncontrolled,0.0255155,0.021702999999998696,0.001958999999999378,0,3,3540,1,0,0,0,"[""/Users/rmntim/Personal/ITMO/Semester5/OS-new/lab/intro-exp/out/graph_traverse_mmap"", ""5"", ""/Users/rmntim/Personal/ITMO/Semester5/OS-new/lab/intro-exp/out/graph-rand.bin""]"
2026-10-05T10:14:55.695207+03:00,final,graph_traverse,write,27,3,graph-rand.bin,warm,5,uncontrolled,5.165548834,0.46845499999999873,4.688724999999977,26,37,340,1,0,0,0,"[""/Users/rmntim/Personal/ITMO/Semester5/OS-new/lab/intro-exp/out/graph_traverse"", ""--write"", ""5"", ""/Users/rmntim/Personal/ITMO/Semester5/OS-new/lab/intro-exp/out/graph-rand.bin""]"
2026-10-05T10:14:55.724330+03:00,final,graph_traverse_mmap,write,27,4,graph-rand.bin,warm,5,uncontrolled,0.028810167,0.024231000000000336,0.002445000000022901,0,7,3540,1,0,0,0,"[""/Users/rmntim/Personal/ITMO/Semester5/OS-new/lab/intro-exp/out/graph_traverse_mmap"", ""--write"", ""5"", ""/Users/rmntim/Personal/ITMO/Semester5/OS-new/lab/intro-exp/out/graph-rand.bin""]"
2026-10-05T10:14:55.749835+03:00,final,graph_traverse_mmap,write,28,1,graph-rand.bin,warm,5,uncontrolled,0.025192542,0.02163099999999929,0.0018309999999814863,0,8,3540,1,0,0,0,"[""/Users/rmntim/Personal/ITMO/Semester5/OS-new/lab/intro-exp/out/graph_traverse_mmap"", ""--write"", ""5"", ""/Users/rmntim/Personal/ITMO/Semester5/OS-new/lab/intro-exp/out/graph-rand.bin""]"
2026-10-05T10:14:56.972942+03:00,final,graph_traverse,read,28,2,graph-rand.bin,warm,5,uncontrolled,1.222631084,0.22213900000000208,0.9986670000000117,0,6,340,1,0,0,0,"[""/Users/rmntim/Personal/ITMO/Semester5/OS-new/lab/intro-exp/out/graph_traverse"", ""5"", ""/Users/rmntim/Personal/ITMO/Semester5/OS-new/lab/intro-exp/out/graph-rand.bin""]"
2026-10-05T10:14:56.999447+03:00,final,graph_traverse_mmap,read,28,3,graph-rand.bin,warm,5,uncontrolled,0.026105542,0.02199500000000043,0.0019489999999962038,0,3,3540,1,0,0,0,"[""/Users/rmntim/Personal/ITMO/Semester5/OS-new/lab/intro-exp/out/graph_traverse_mmap"", ""5"", ""/Users/rmntim/Personal/ITMO/Semester5/OS-new/lab/intro-exp/out/graph-rand.bin""]"
2026-10-05T10:15:02.128429+03:00,final,graph_traverse,write,28,4,graph-rand.bin,warm,5,uncontrolled,5.128538291,0.4626599999999996,4.658855999999986,24,23,340,1,0,0,0,"[""/Users/rmntim/Personal/ITMO/Semester5/OS-new/lab/intro-exp/out/graph_traverse"", ""--write"", ""5"", ""/Users/rmntim/Personal/ITMO/Semester5/OS-new/lab/intro-exp/out/graph-rand.bin""]"
2026-10-05T10:15:02.156911+03:00,final,graph_traverse_mmap,read,29,1,graph-rand.bin,warm,5,uncontrolled,0.028122041,0.023854999999997517,0.0022700000000099863,0,3,3540,1,0,0,0,"[""/Users/rmntim/Personal/ITMO/Semester5/OS-new/lab/intro-exp/out/graph_traverse_mmap"", ""5"", ""/Users/rmntim/Personal/ITMO/Semester5/OS-new/lab/intro-exp/out/graph-rand.bin""]"
2026-10-05T10:15:07.364668+03:00,final,graph_traverse,write,29,2,graph-rand.bin,warm,5,uncontrolled,5.207401625,0.46585199999999816,4.734555,24,32,340,1,0,0,0,"[""/Users/rmntim/Personal/ITMO/Semester5/OS-new/lab/intro-exp/out/graph_traverse"", ""--write"", ""5"", ""/Users/rmntim/Personal/ITMO/Semester5/OS-new/lab/intro-exp/out/graph-rand.bin""]"
2026-10-05T10:15:08.585855+03:00,final,graph_traverse,read,29,3,graph-rand.bin,warm,5,uncontrolled,1.220731125,0.22291500000000042,0.9955810000000156,0,10,340,1,0,0,0,"[""/Users/rmntim/Personal/ITMO/Semester5/OS-new/lab/intro-exp/out/graph_traverse"", ""5"", ""/Users/rmntim/Personal/ITMO/Semester5/OS-new/lab/intro-exp/out/graph-rand.bin""]"
2026-10-05T10:15:08.612425+03:00,final,graph_traverse_mmap,write,29,4,graph-rand.bin,warm,5,uncontrolled,0.026267041,0.021938000000005786,0.0022699999999815645,0,6,3540,1,0,0,0,"[""/Users/rmntim/Personal/ITMO/Semester5/OS-new/lab/intro-exp/out/graph_traverse_mmap"", ""--write"", ""5"", ""/Users/rmntim/Personal/ITMO/Semester5/OS-new/lab/intro-exp/out/graph-rand.bin""]"
2026-10-05T10:15:08.637627+03:00,final,graph_traverse_mmap,read,30,1,graph-rand.bin,warm,5,uncontrolled,0.024912416,0.02148899999999543,0.0018410000000130822,0,7,3540,1,0,0,0,"[""/Users/rmntim/Personal/ITMO/Semester5/OS-new/lab/intro-exp/out/graph_traverse_mmap"", ""5"", ""/Users/rmntim/Personal/ITMO/Semester5/OS-new/lab/intro-exp/out/graph-rand.bin""]"
2026-10-05T10:15:08.662788+03:00,final,graph_traverse_mmap,write,30,2,graph-rand.bin,warm,5,uncontrolled,0.024862209,0.021574000000001092,0.0018639999999834345,0,3,3540,1,0,0,0,"[""/Users/rmntim/Personal/ITMO/Semester5/OS-new/lab/intro-exp/out/graph_traverse_mmap"", ""--write"", ""5"", ""/Users/rmntim/Personal/ITMO/Semester5/OS-new/lab/intro-exp/out/graph-rand.bin""]"
2026-10-05T10:15:13.781797+03:00,final,graph_traverse,write,30,3,graph-rand.bin,warm,5,uncontrolled,5.118626125,0.469025000000002,4.6424220000000105,27,19,340,1,0,0,0,"[""/Users/rmntim/Personal/ITMO/Semester5/OS-new/lab/intro-exp/out/graph_traverse"", ""--write"", ""5"", ""/Users/rmntim/Personal/ITMO/Semester5/OS-new/lab/intro-exp/out/graph-rand.bin""]"
2026-10-05T10:15:15.009698+03:00,final,graph_traverse,read,30,4,graph-rand.bin,warm,5,uncontrolled,1.22750325,0.22386799999999596,1.0015239999999892,0,4,340,1,0,0,0,"[""/Users/rmntim/Personal/ITMO/Semester5/OS-new/lab/intro-exp/out/graph_traverse"", ""5"", ""/Users/rmntim/Personal/ITMO/Semester5/OS-new/lab/intro-exp/out/graph-rand.bin""]"
